{
    "ownerlist": [],
    "whitelist": [],
    "badwords": [],
    "lockedvoice": [],
    "logs": {
        "modlogs": {
            "alive": false,
            "channel": null
        },
        "msglogs": {
            "alive": false,
            "channel": null
        },
        "raidlogs": {
            "alive": false,
            "channel": null
        },
        "voicelogs": {
            "alive": false,
            "channel": null
        },
        "ranklogs": {
            "alive": false,
            "channel": null
        },
        "joinleavelogs": {
            "alive": false,
            "channel": null
        }
    },
    "antiraid": {
        "antibot": false,
        "antilien": false,
        "badwords": false,
        "channels": {
            "create": false,
            "edit": false,
            "delete": false
        },
        "roles": {
            "create": false,
            "edit": false,
            "delete": false
        },
        "rank": {
            "up": false,
            "down": false
        },
        "webhook": false
    },
    "configuration": {
        "autoreact": {},
        "rolereact": {},
        "autorole": [],
        "tempvoices": {}
    },
    "warndb": {
        "maxwarn": 10,
        "sanction": "kick",
        "users": {}
    },
    "tickets": {
        "logs": 101010010101,
        "transcripts": true,
        "roles": [],
        "claim": true,
        "buttons": {
            "101010101001": {
                "category": 101010101010
            }
        }
    },
    "onlypic": [
        1300941717821853737
    ]
}